{
  "type": "FeatureCollection",
  "generator": "nominatim.openstreetmap.org",
  "features": [
    {
      "type": "Feature",
      "properties": {
        "name": "Aplaya"
      },
      "geometry": {
        "type": "Polygon",
        "coordinates": [
          [
            [
              121.3486791,
              14.2583701
            ],
            [
              121.3498124,
              14.2573179
            ],
            [
              121.3511262,
              14.2557592
            ],
            [
              121.351851,
              14.2547823
            ],
            [
              121.3522605,
              14.2542582
            ],
            [
              121.3529485,
              14.253199
            ],
            [
              121.3534864,
              14.2534377
            ],
            [
              121.3537837,
              14.2529245
            ],
            [
              121.3541749,
              14.2531012
            ],
            [
              121.3543977,
              14.2526898
            ],
            [
              121.3549387,
              14.2529749
            ],
            [
              121.3552017,
              14.2525606
            ],
            [
              121.3554196,
              14.2521962
            ],
            [
              121.3555995,
              14.2523013
            ],
            [
              121.3562219,
              14.251232
            ],
            [
              121.3564556,
              14.2513695
            ],
            [
              121.3570628,
              14.2516464
            ],
            [
              121.3570939,
              14.2516606
            ],
            [
              121.3571585,
              14.2516795
            ],
            [
              121.3568824,
              14.2523907
            ],
            [
              121.3568401,
              14.2525578
            ],
            [
              121.3568596,
              14.2526712
            ],
            [
              121.3569995,
              14.2528289
            ],
            [
              121.357313,
              14.2529678
            ],
            [
              121.3573673,
              14.2531829
            ],
            [
              121.357599,
              14.253319
            ],
            [
              121.357497,
              14.2536872
            ],
            [
              121.3575173,
              14.2537921
            ],
            [
              121.3578782,
              14.2539838
            ],
            [
              121.3576421,
              14.254468
            ],
            [
              121.357403,
              14.2543677
            ],
            [
              121.3572765,
              14.2546399
            ],
            [
              121.3570875,
              14.2545946
            ],
            [
              121.3568133,
              14.2544498
            ],
            [
              121.3564722,
              14.2552792
            ],
            [
              121.3565964,
              14.2553007
            ],
            [
              121.3566686,
              14.2553327
            ],
            [
              121.3565779,
              14.2556168
            ],
            [
              121.3562586,
              14.2565135
            ],
            [
              121.356165,
              14.2568431
            ],
            [
              121.3563227,
              14.25691
            ],
            [
              121.3563001,
              14.2569951
            ],
            [
              121.356791,
              14.2571752
            ],
            [
              121.3568477,
              14.2566735
            ],
            [
              121.3570326,
              14.2566018
            ],
            [
              121.3571336,
              14.2563462
            ],
            [
              121.3573656,
              14.2563668
            ],
            [
              121.3574746,
              14.2562672
            ],
            [
              121.3577876,
              14.2563854
            ],
            [
              121.3577164,
              14.256522
            ],
            [
              121.3583462,
              14.2568014
            ],
            [
              121.3587785,
              14.25699
            ],
            [
              121.3589073,
              14.2570628
            ],
            [
              121.3590204,
              14.2568585
            ],
            [
              121.3595725,
              14.2570544
            ],
            [
              121.3594887,
              14.2573196
            ],
            [
              121.3597617,
              14.2575007
            ],
            [
              121.3596832,
              14.2576636
            ],
            [
              121.3598737,
              14.2577542
            ],
            [
              121.3597753,
              14.2580592
            ],
            [
              121.359985,
              14.2581348
            ],
            [
              121.359785,
              14.2586203
            ],
            [
              121.3597964,
              14.2588346
            ],
            [
              121.3599605,
              14.258996
            ],
            [
              121.3600832,
              14.2590175
            ],
            [
              121.3597387,
              14.2599067
            ],
            [
              121.3586999,
              14.262395
            ],
            [
              121.3585375,
              14.262768
            ],
            [
              121.357982,
              14.2642218
            ],
            [
              121.357896,
              14.264643
            ],
            [
              121.3577136,
              14.2646872
            ],
            [
              121.3575594,
              14.2647327
            ],
            [
              121.3573274,
              14.2647665
            ],
            [
              121.3571209,
              14.2647522
            ],
            [
              121.3568795,
              14.2646664
            ],
            [
              121.3567427,
              14.2645547
            ],
            [
              121.3565227,
              14.2642193
            ],
            [
              121.3563001,
              14.2639048
            ],
            [
              121.3561124,
              14.2636474
            ],
            [
              121.355871,
              14.2634265
            ],
            [
              121.3555571,
              14.2632107
            ],
            [
              121.3544065,
              14.2623581
            ],
            [
              121.3534275,
              14.2616406
            ],
            [
              121.353119,
              14.2613572
            ],
            [
              121.3528374,
              14.2610817
            ],
            [
              121.3523036,
              14.2605046
            ],
            [
              121.3520394,
              14.2602355
            ],
            [
              121.3518919,
              14.2601042
            ],
            [
              121.3517994,
              14.2600536
            ],
            [
              121.3517068,
              14.2600263
            ],
            [
              121.3515204,
              14.2600289
            ],
            [
              121.3512334,
              14.2600263
            ],
            [
              121.3508713,
              14.2600107
            ],
            [
              121.3504931,
              14.2599327
            ],
            [
              121.3502705,
              14.2598105
            ],
            [
              121.3500908,
              14.2596363
            ],
            [
              121.3492969,
              14.258911
            ],
            [
              121.3486791,
              14.2583701
            ]
          ]
        ]
      }
    },
    {
      "type": "Feature",
      "properties": {
        "name": "Bukal"
      },
      "geometry": {
        "type": "Polygon",
        "coordinates": [
          [
            [
              121.3550776,
              14.2096472
            ],
            [
              121.3550837,
              14.2095415
            ],
            [
              121.3551321,
              14.2095126
            ],
            [
              121.3552412,
              14.2094475
            ],
            [
              121.3553866,
              14.2093946
            ],
            [
              121.3555623,
              14.2095033
            ],
            [
              121.3557107,
              14.2095238
            ],
            [
              121.3558258,
              14.2094915
            ],
            [
              121.3558851,
              14.2093531
            ],
            [
              121.3559258,
              14.2092762
            ],
            [
              121.3559763,
              14.2092603
            ],
            [
              121.3560172,
              14.2093088
            ],
            [
              121.355999,
              14.2094879
            ],
            [
              121.3559594,
              14.2096561
            ],
            [
              121.3558652,
              14.2098222
            ],
            [
              121.3558737,
              14.2098803
            ],
            [
              121.3559937,
              14.210009
            ],
            [
              121.3560836,
              14.2100402
            ],
            [
              121.356255,
              14.2099426
            ],
            [
              121.3563868,
              14.2097871
            ],
            [
              121.3565789,
              14.2098179
            ],
            [
              121.3568056,
              14.210001
            ],
            [
              121.3570827,
              14.2100834
            ],
            [
              121.3573692,
              14.2100712
            ],
            [
              121.3575581,
              14.209998
            ],
            [
              121.3577162,
              14.210033
            ],
            [
              121.3580133,
              14.2099745
            ],
            [
              121.3583207,
              14.2099395
            ],
            [
              121.3587671,
              14.2099204
            ],
            [
              121.3591545,
              14.2097549
            ],
            [
              121.3593186,
              14.2095513
            ],
            [
              121.3595812,
              14.2091312
            ],
            [
              121.3606062,
              14.2074502
            ],
            [
              121.3598909,
              14.2069305
            ],
            [
              121.3607278,
              14.2055387
            ],
            [
              121.3601086,
              14.2055361
            ],
            [
              121.3606287,
              14.2042717
            ],
            [
              121.3609043,
              14.2036597
            ],
            [
              121.3611555,
              14.2037925
            ],
            [
              121.3613547,
              14.2034789
            ],
            [
              121.3619599,
              14.2037533
            ],
            [
              121.3620963,
              14.2035193
            ],
            [
              121.3624038,
              14.2036452
            ],
            [
              121.3632354,
              14.2039955
            ],
            [
              121.3647003,
              14.2045804
            ],
            [
              121.365549,
              14.2048244
            ],
            [
              121.3653144,
              14.205192
            ],
            [
              121.3655148,
              14.2052156
            ],
            [
              121.365822,
              14.2052455
            ],
            [
              121.3660164,
              14.2052208
            ],
            [
              121.3661572,
              14.2051701
            ],
            [
              121.3664214,
              14.2050232
            ],
            [
              121.3668841,
              14.2047528
            ],
            [
              121.3673039,
              14.2044992
            ],
            [
              121.3687596,
              14.2035703
            ],
            [
              121.3700159,
              14.204121
            ],
            [
              121.3698455,
              14.2045152
            ],
            [
              121.3722502,
              14.2058019
            ],
            [
              121.3718394,
              14.2065131
            ],
            [
              121.3721035,
              14.2067217
            ],
            [
              121.3720643,
              14.206826
            ],
            [
              121.3729447,
              14.2071863
            ],
            [
              121.3729251,
              14.207376
            ],
            [
              121.3737991,
              14.2078121
            ],
            [
              121.3735352,
              14.2084179
            ],
            [
              121.373147,
              14.2082712
            ],
            [
              121.3726773,
              14.2091254
            ],
            [
              121.3721882,
              14.2089184
            ],
            [
              121.3720484,
              14.2089184
            ],
            [
              121.3719436,
              14.2091141
            ],
            [
              121.3718116,
              14.2090577
            ],
            [
              121.3717456,
              14.2091517
            ],
            [
              121.3714195,
              14.2089899
            ],
            [
              121.3712837,
              14.2092308
            ],
            [
              121.3712059,
              14.2092108
            ],
            [
              121.3707689,
              14.2101796
            ],
            [
              121.3710455,
              14.2102988
            ],
            [
              121.370856,
              14.2107705
            ],
            [
              121.3709277,
              14.2108152
            ],
            [
              121.3707843,
              14.2112571
            ],
            [
              121.3702997,
              14.2121037
            ],
            [
              121.3700732,
              14.2125669
            ],
            [
              121.3698927,
              14.2125051
            ],
            [
              121.3694397,
              14.2130507
            ],
            [
              121.3694291,
              14.2132325
            ],
            [
              121.3690751,
              14.2136511
            ],
            [
              121.3686787,
              14.2134932
            ],
            [
              121.368385,
              14.2134521
            ],
            [
              121.3682186,
              14.21373
            ],
            [
              121.3679178,
              14.2136476
            ],
            [
              121.3677055,
              14.2142995
            ],
            [
              121.368247,
              14.2145191
            ],
            [
              121.3680523,
              14.2149445
            ],
            [
              121.3678844,
              14.2151511
            ],
            [
              121.3676108,
              14.2150284
            ],
            [
              121.3674843,
              14.2152566
            ],
            [
              121.3673431,
              14.2151397
            ],
            [
              121.3672343,
              14.2154676
            ],
            [
              121.3672549,
              14.215633
            ],
            [
              121.367149,
              14.2158897
            ],
            [
              121.367043,
              14.2158669
            ],
            [
              121.3669783,
              14.2159952
            ],
            [
              121.3661444,
              14.2157083
            ],
            [
              121.3660823,
              14.21584
            ],
            [
              121.3663029,
              14.2163365
            ],
            [
              121.3662215,
              14.2163713
            ],
            [
              121.3659703,
              14.2164536
            ],
            [
              121.3658039,
              14.216601
            ],
            [
              121.3656113,
              14.2167327
            ],
            [
              121.3655094,
              14.2169193
            ],
            [
              121.3655774,
              14.2170401
            ],
            [
              121.3655301,
              14.217177
            ],
            [
              121.3649679,
              14.2171604
            ],
            [
              121.3645044,
              14.2173268
            ],
            [
              121.364315,
              14.217157
            ],
            [
              121.3632957,
              14.2165636
            ],
            [
              121.362863,
              14.2162561
            ],
            [
              121.3630598,
              14.2160309
            ],
            [
              121.3621079,
              14.2153396
            ],
            [
              121.3609237,
              14.2149048
            ],
            [
              121.3609882,
              14.214689
            ],
            [
              121.3596201,
              14.2142695
            ],
            [
              121.359312,
              14.2140625
            ],
            [
              121.358739,
              14.2138283
            ],
            [
              121.358385,
              14.2135941
            ],
            [
              121.3579019,
              14.2132565
            ],
            [
              121.3573682,
              14.2126411
            ],
            [
              121.3571828,
              14.212494
            ],
            [
              121.3567195,
              14.2119797
            ],
            [
              121.3567744,
              14.2119285
            ],
            [
              121.3565733,
              14.2115753
            ],
            [
              121.356437,
              14.2115363
            ],
            [
              121.3563638,
              14.2114398
            ],
            [
              121.3562845,
              14.2112427
            ],
            [
              121.3561646,
              14.2111935
            ],
            [
              121.3561991,
              14.2110654
            ],
            [
              121.3559816,
              14.2109846
            ],
            [
              121.3558637,
              14.2108565
            ],
            [
              121.355945,
              14.2106949
            ],
            [
              121.3558224,
              14.2105781
            ],
            [
              121.3558091,
              14.2104679
            ],
            [
              121.3556954,
              14.2103901
            ],
            [
              121.3557444,
              14.2103015
            ],
            [
              121.3554689,
              14.2100502
            ],
            [
              121.355529,
              14.2100172
            ],
            [
              121.3554987,
              14.2099115
            ],
            [
              121.3553775,
              14.2098146
            ],
            [
              121.3551503,
              14.2097353
            ],
            [
              121.3550776,
              14.2096472
            ]
          ]
        ]
      }
    },
    {
      "type": "Feature",
      "properties": {
        "name": "Concepcion"
      },
      "geometry": {
        "type": "Polygon",
        "coordinates": [
          [
            [
              121.3681981,
              14.2391916
            ],
            [
              121.3684232,
              14.2393045
            ],
            [
              121.3690381,
              14.2383413
            ],
            [
              121.3694711,
              14.2382095
            ],
            [
              121.3696936,
              14.2383193
            ],
            [
              121.3698806,
              14.2380166
            ],
            [
              121.3706866,
              14.2372792
            ],
            [
              121.3708678,
              14.2364861
            ],
            [
              121.3701373,
              14.2361101
            ],
            [
              121.3704771,
              14.2355228
            ],
            [
              121.3700977,
              14.2353993
            ],
            [
              121.3701543,
              14.2352346
            ],
            [
              121.3690193,
              14.2347832
            ],
            [
              121.3689899,
              14.2343475
            ],
            [
              121.3689819,
              14.2339849
            ],
            [
              121.3691146,
              14.2338797
            ],
            [
              121.3694082,
              14.23379
            ],
            [
              121.3696509,
              14.233664
            ],
            [
              121.3697688,
              14.2334977
            ],
            [
              121.3697018,
              14.2333833
            ],
            [
              121.3696844,
              14.2332144
            ],
            [
              121.3697916,
              14.2328219
            ],
            [
              121.3696562,
              14.2327062
            ],
            [
              121.3695248,
              14.2327218
            ],
            [
              121.3692767,
              14.2324736
            ],
            [
              121.369124,
              14.2322462
            ],
            [
              121.3690945,
              14.2321175
            ],
            [
              121.369195,
              14.2318291
            ],
            [
              121.3692994,
              14.231736
            ],
            [
              121.3696241,
              14.2315977
            ],
            [
              121.3699136,
              14.2315262
            ],
            [
              121.3700557,
              14.2314353
            ],
            [
              121.3703735,
              14.2309908
            ],
            [
              121.3705545,
              14.2307374
            ],
            [
              121.3706269,
              14.230445
            ],
            [
              121.3707757,
              14.23041
            ],
            [
              121.370844,
              14.2303983
            ],
            [
              121.3708762,
              14.2300591
            ],
            [
              121.3709365,
              14.2299148
            ],
            [
              121.3710537,
              14.2298636
            ],
            [
              121.3733946,
              14.2307647
            ],
            [
              121.3735778,
              14.2301815
            ],
            [
              121.3741488,
              14.2293626
            ],
            [
              121.3749535,
              14.2283687
            ],
            [
              121.3753304,
              14.2279805
            ],
            [
              121.3758017,
              14.2273917
            ],
            [
              121.3762071,
              14.2268788
            ],
            [
              121.3763429,
              14.2264602
            ],
            [
              121.3767501,
              14.2248133
            ],
            [
              121.376878,
              14.2244627
            ],
            [
              121.3778127,
              14.2230576
            ],
            [
              121.3783812,
              14.2221967
            ],
            [
              121.3791983,
              14.2217955
            ],
            [
              121.3817461,
              14.2206523
            ],
            [
              121.3826254,
              14.220225
            ],
            [
              121.3828801,
              14.2201012
            ],
            [
              121.3831075,
              14.2199348
            ],
            [
              121.3832912,
              14.2196436
            ],
            [
              121.3836157,
              14.2191341
            ],
            [
              121.3840589,
              14.2182731
            ],
            [
              121.3843614,
              14.2177872
            ],
            [
              121.3844204,
              14.217613
            ],
            [
              121.3845546,
              14.2170635
            ],
            [
              121.3845811,
              14.2169516
            ],
            [
              121.384608,
              14.2168176
            ],
            [
              121.384828,
              14.2161423
            ],
            [
              121.3850646,
              14.2158763
            ],
            [
              121.3854407,
              14.2155184
            ],
            [
              121.3856699,
              14.215284
            ],
            [
              121.3879057,
              14.216145
            ],
            [
              121.387462,
              14.2171502
            ],
            [
              121.3877892,
              14.2172906
            ],
            [
              121.388095,
              14.2198282
            ],
            [
              121.3861811,
              14.2250705
            ],
            [
              121.3864637,
              14.2254569
            ],
            [
              121.3870193,
              14.2256598
            ],
            [
              121.3874521,
              14.2264111
            ],
            [
              121.386404,
              14.2286856
            ],
            [
              121.386289,
              14.2286754
            ],
            [
              121.3856592,
              14.2292554
            ],
            [
              121.3852741,
              14.2291656
            ],
            [
              121.3852147,
              14.2293235
            ],
            [
              121.3849805,
              14.2294669
            ],
            [
              121.3849279,
              14.2295773
            ],
            [
              121.3847137,
              14.2295331
            ],
            [
              121.3845742,
              14.2298571
            ],
            [
              121.3845308,
              14.2301504
            ],
            [
              121.3845992,
              14.2302046
            ],
            [
              121.3845118,
              14.2305475
            ],
            [
              121.3846567,
              14.2306356
            ],
            [
              121.384436,
              14.231077
            ],
            [
              121.3841513,
              14.2310279
            ],
            [
              121.3840789,
              14.2311455
            ],
            [
              121.383935,
              14.2312053
            ],
            [
              121.3838444,
              14.2311949
            ],
            [
              121.3836327,
              14.23125
            ],
            [
              121.3834852,
              14.2313083
            ],
            [
              121.3834768,
              14.2313742
            ],
            [
              121.3836572,
              14.2314248
            ],
            [
              121.3836549,
              14.2315388
            ],
            [
              121.3835937,
              14.2316033
            ],
            [
              121.3835782,
              14.2318204
            ],
            [
              121.3834753,
              14.2318665
            ],
            [
              121.3833325,
              14.2321125
            ],
            [
              121.3823283,
              14.2319076
            ],
            [
              121.382221,
              14.2322716
            ],
            [
              121.3818991,
              14.232282
            ],
            [
              121.382103,
              14.2330932
            ],
            [
              121.3819257,
              14.2332671
            ],
            [
              121.3803863,
              14.2347779
            ],
            [
              121.3795173,
              14.2360986
            ],
            [
              121.3786805,
              14.2366706
            ],
            [
              121.378262,
              14.2380433
            ],
            [
              121.3770926,
              14.2380745
            ],
            [
              121.3762879,
              14.2397488
            ],
            [
              121.3748932,
              14.2398527
            ],
            [
              121.3744151,
              14.2397427
            ],
            [
              121.3737104,
              14.2393353
            ],
            [
              121.3735754,
              14.2394612
            ],
            [
              121.373308,
              14.2395442
            ],
            [
              121.373134,
              14.2395165
            ],
            [
              121.3728276,
              14.2395039
            ],
            [
              121.37269,
              14.2395014
            ],
            [
              121.3724693,
              14.2396222
            ],
            [
              121.372163,
              14.2397531
            ],
            [
              121.3720409,
              14.2398512
            ],
            [
              121.3718877,
              14.2401054
            ],
            [
              121.3717891,
              14.2402891
            ],
            [
              121.3714652,
              14.240278
            ],
            [
              121.3713217,
              14.2403823
            ],
            [
              121.3712646,
              14.2405609
            ],
            [
              121.3713061,
              14.2407321
            ],
            [
              121.3712159,
              14.2409005
            ],
            [
              121.3706779,
              14.2411068
            ],
            [
              121.3705035,
              14.241073
            ],
            [
              121.370348,
              14.2411458
            ],
            [
              121.3701055,
              14.2415661
            ],
            [
              121.3698212,
              14.2413945
            ],
            [
              121.3692472,
              14.2414335
            ],
            [
              121.3690782,
              14.2413321
            ],
            [
              121.3689924,
              14.2413295
            ],
            [
              121.3686598,
              14.2416181
            ],
            [
              121.3683995,
              14.2415279
            ],
            [
              121.3684381,
              14.2414211
            ],
            [
              121.3684642,
              14.2412496
            ],
            [
              121.3683653,
              14.241189
            ],
            [
              121.3682976,
              14.2410428
            ],
            [
              121.3683236,
              14.240952
            ],
            [
              121.3684329,
              14.2408057
            ],
            [
              121.3683913,
              14.2406594
            ],
            [
              121.3683913,
              14.2405131
            ],
            [
              121.3684017,
              14.2403365
            ],
            [
              121.3684173,
              14.2401398
            ],
            [
              121.3683653,
              14.2399128
            ],
            [
              121.3683288,
              14.2396656
            ],
            [
              121.3681981,
              14.2391916
            ]
          ]
        ]
      }
    },
    {
      "type": "Feature",
      "properties": {
        "name": "Labuin"
      },
      "geometry": {
        "type": "Polygon",
        "coordinates": [
          [
            [
              121.3608884,
              14.2462777
            ],
            [
              121.3613991,
              14.2459934
            ],
            [
              121.361899,
              14.2454848
            ],
            [
              121.3623995,
              14.2453279
            ],
            [
              121.3629306,
              14.2447742
            ],
            [
              121.3634118,
              14.2441771
            ],
            [
              121.3637202,
              14.2434856
            ],
            [
              121.3647491,
              14.2424396
            ],
            [
              121.3646633,
              14.2419534
            ],
            [
              121.3648108,
              14.2416778
            ],
            [
              121.364776,
              14.2415037
            ],
            [
              121.3653553,
              14.2414933
            ],
            [
              121.3661278,
              14.2418234
            ],
            [
              121.3663004,
              14.2417418
            ],
            [
              121.3665097,
              14.2417602
            ],
            [
              121.366816,
              14.2415909
            ],
            [
              121.3670233,
              14.2415759
            ],
            [
              121.3677438,
              14.2417818
            ],
            [
              121.3678572,
              14.2417664
            ],
            [
              121.3682124,
              14.2415595
            ],
            [
              121.368346,
              14.2415453
            ],
            [
              121.3683995,
              14.2415279
            ],
            [
              121.3686598,
              14.2416181
            ],
            [
              121.3689924,
              14.2413295
            ],
            [
              121.3690782,
              14.2413321
            ],
            [
              121.3692472,
              14.2414335
            ],
            [
              121.3698212,
              14.2413945
            ],
            [
              121.3701055,
              14.2415661
            ],
            [
              121.370348,
              14.2411458
            ],
            [
              121.3705035,
              14.241073
            ],
            [
              121.3706779,
              14.2411068
            ],
            [
              121.3712159,
              14.2409005
            ],
            [
              121.3713061,
              14.2407321
            ],
            [
              121.3712646,
              14.2405609
            ],
            [
              121.3713217,
              14.2403823
            ],
            [
              121.3714652,
              14.240278
            ],
            [
              121.3717891,
              14.2402891
            ],
            [
              121.3718877,
              14.2401054
            ],
            [
              121.3720409,
              14.2398512
            ],
            [
              121.372163,
              14.2397531
            ],
            [
              121.3724693,
              14.2396222
            ],
            [
              121.37269,
              14.2395014
            ],
            [
              121.3728276,
              14.2395039
            ],
            [
              121.373134,
              14.2395165
            ],
            [
              121.373308,
              14.2395442
            ],
            [
              121.3735754,
              14.2394612
            ],
            [
              121.3737104,
              14.2393353
            ],
            [
              121.3744151,
              14.2397427
            ],
            [
              121.3748932,
              14.2398527
            ],
            [
              121.374588,
              14.2423304
            ],
            [
              121.3745385,
              14.2427326
            ],
            [
              121.3746943,
              14.2430648
            ],
            [
              121.3747664,
              14.2432884
            ],
            [
              121.3749466,
              14.2434351
            ],
            [
              121.3750758,
              14.2436052
            ],
            [
              121.3748019,
              14.2440311
            ],
            [
              121.3745349,
              14.2445849
            ],
            [
              121.374518,
              14.2456728
            ],
            [
              121.3744629,
              14.2456942
            ],
            [
              121.3744814,
              14.2461355
            ],
            [
              121.3745795,
              14.2461374
            ],
            [
              121.3745883,
              14.2462301
            ],
            [
              121.3744548,
              14.2462375
            ],
            [
              121.3743687,
              14.2462383
            ],
            [
              121.3742877,
              14.2462446
            ],
            [
              121.3739733,
              14.2462688
            ],
            [
              121.3734724,
              14.2463003
            ],
            [
              121.3733289,
              14.246311
            ],
            [
              121.3732211,
              14.246317
            ],
            [
              121.3728692,
              14.2463234
            ],
            [
              121.3727277,
              14.2463248
            ],
            [
              121.3725237,
              14.2463267
            ],
            [
              121.3723873,
              14.2463285
            ],
            [
              121.3721016,
              14.2463315
            ],
            [
              121.3720579,
              14.2463324
            ],
            [
              121.3719248,
              14.2463298
            ],
            [
              121.3718098,
              14.2463247
            ],
            [
              121.3717186,
              14.246318
            ],
            [
              121.371657,
              14.2464452
            ],
            [
              121.3716287,
              14.2465215
            ],
            [
              121.3715853,
              14.2466201
            ],
            [
              121.3715358,
              14.2467153
            ],
            [
              121.3711637,
              14.2469165
            ],
            [
              121.371019,
              14.2469435
            ],
            [
              121.3704065,
              14.2471049
            ],
            [
              121.369547,
              14.2473431
            ],
            [
              121.3686683,
              14.2492058
            ],
            [
              121.3682114,
              14.2499617
            ],
            [
              121.367769,
              14.249762
            ],
            [
              121.3675783,
              14.2500817
            ],
            [
              121.3672951,
              14.2499591
            ],
            [
              121.3672772,
              14.2499896
            ],
            [
              121.3670889,
              14.2503103
            ],
            [
              121.3666777,
              14.2501135
            ],
            [
              121.3664425,
              14.2506152
            ],
            [
              121.3663567,
              14.2507982
            ],
            [
              121.3666378,
              14.2509178
            ],
            [
              121.36651,
              14.2511674
            ],
            [
              121.3663209,
              14.2511085
            ],
            [
              121.3662821,
              14.2511826
            ],
            [
              121.3662399,
              14.251263
            ],
            [
              121.3656815,
              14.2510701
            ],
            [
              121.3653934,
              14.2515651
            ],
            [
              121.3651941,
              14.2514969
            ],
            [
              121.3649902,
              14.2518637
            ],
            [
              121.3648271,
              14.2518099
            ],
            [
              121.3645953,
              14.2522804
            ],
            [
              121.3643322,
              14.2521515
            ],
            [
              121.3643907,
              14.251934
            ],
            [
              121.3638151,
              14.2515242
            ],
            [
              121.3639321,
              14.2512909
            ],
            [
              121.3634816,
              14.251083
            ],
            [
              121.3631933,
              14.2509275
            ],
            [
              121.3634418,
              14.2504069
            ],
            [
              121.3626274,
              14.2500438
            ],
            [
              121.3625835,
              14.2500242
            ],
            [
              121.362635,
              14.2497143
            ],
            [
              121.362223,
              14.2494751
            ],
            [
              121.3621882,
              14.2493707
            ],
            [
              121.3615699,
              14.2489163
            ],
            [
              121.3613701,
              14.2487533
            ],
            [
              121.3620128,
              14.2476371
            ],
            [
              121.3618335,
              14.2475077
            ],
            [
              121.362194,
              14.2467364
            ],
            [
              121.3615784,
              14.2466025
            ],
            [
              121.3610905,
              14.2464039
            ],
            [
              121.3608884,
              14.2462777
            ]
          ]
        ]
      }
    },
    {
      "type": "Feature",
      "properties": {
        "name": "Linga"
      },
      "geometry": {
        "type": "Polygon",
        "coordinates": [
          [
            [
              121.356165,
              14.2568431
            ],
            [
              121.3562586,
              14.2565135
            ],
            [
              121.3566686,
              14.2553327
            ],
            [
              121.3565964,
              14.2553007
            ],
            [
              121.3564722,
              14.2552792
            ],
            [
              121.3568133,
              14.2544498
            ],
            [
              121.3570875,
              14.2545946
            ],
            [
              121.3572765,
              14.2546399
            ],
            [
              121.357403,
              14.2543677
            ],
            [
              121.3576421,
              14.254468
            ],
            [
              121.3578782,
              14.2539838
            ],
            [
              121.3575173,
              14.2537921
            ],
            [
              121.357497,
              14.2536872
            ],
            [
              121.357599,
              14.253319
            ],
            [
              121.3573673,
              14.2531829
            ],
            [
              121.357313,
              14.2529678
            ],
            [
              121.3569995,
              14.2528289
            ],
            [
              121.3568596,
              14.2526712
            ],
            [
              121.3568401,
              14.2525578
            ],
            [
              121.3568824,
              14.2523907
            ],
            [
              121.3571585,
              14.2516795
            ],
            [
              121.3576089,
              14.2518114
            ],
            [
              121.3580166,
              14.2519154
            ],
            [
              121.35855,
              14.2519801
            ],
            [
              121.3586577,
              14.2519993
            ],
            [
              121.358865,
              14.2520651
            ],
            [
              121.3591371,
              14.2521423
            ],
            [
              121.3594838,
              14.2522338
            ],
            [
              121.3596525,
              14.252345
            ],
            [
              121.3601579,
              14.2513873
            ],
            [
              121.3603914,
              14.2509365
            ],
            [
              121.3616405,
              14.2514378
            ],
            [
              121.3617315,
              14.2512219
            ],
            [
              121.3618817,
              14.250692
            ],
            [
              121.3621977,
              14.2507158
            ],
            [
              121.3625093,
              14.250767
            ],
            [
              121.3627928,
              14.2508191
            ],
            [
              121.3631933,
              14.2509275
            ],
            [
              121.3634816,
              14.251083
            ],
            [
              121.3639321,
              14.2512909
            ],
            [
              121.3638151,
              14.2515242
            ],
            [
              121.3643907,
              14.251934
            ],
            [
              121.3643322,
              14.2521515
            ],
            [
              121.3645953,
              14.2522804
            ],
            [
              121.3645322,
              14.2524086
            ],
            [
              121.3647716,
              14.2525498
            ],
            [
              121.3647334,
              14.2527772
            ],
            [
              121.3652802,
              14.253008
            ],
            [
              121.3650635,
              14.2534531
            ],
            [
              121.3644687,
              14.2540094
            ],
            [
              121.3640228,
              14.2548448
            ],
            [
              121.3635321,
              14.255725
            ],
            [
              121.3635349,
              14.2558156
            ],
            [
              121.3630932,
              14.2566196
            ],
            [
              121.3645884,
              14.2573976
            ],
            [
              121.3651488,
              14.2576216
            ],
            [
              121.3649431,
              14.2580447
            ],
            [
              121.3644245,
              14.2590891
            ],
            [
              121.3631923,
              14.2616291
            ],
            [
              121.3628855,
              14.2624104
            ],
            [
              121.3624134,
              14.2632713
            ],
            [
              121.3621267,
              14.2638373
            ],
            [
              121.3623992,
              14.2639558
            ],
            [
              121.3622554,
              14.2642158
            ],
            [
              121.3631781,
              14.2646858
            ],
            [
              121.3637411,
              14.2649973
            ],
            [
              121.3636006,
              14.2652744
            ],
            [
              121.3635152,
              14.2654928
            ],
            [
              121.3635629,
              14.2655199
            ],
            [
              121.3634434,
              14.2657502
            ],
            [
              121.3634447,
              14.2658087
            ],
            [
              121.3635063,
              14.2658852
            ],
            [
              121.3635371,
              14.2659126
            ],
            [
              121.3632028,
              14.2665459
            ],
            [
              121.3627012,
              14.2663262
            ],
            [
              121.3622117,
              14.2661936
            ],
            [
              121.3617423,
              14.266104
            ],
            [
              121.3611482,
              14.2660065
            ],
            [
              121.3609781,
              14.2659607
            ],
            [
              121.3608733,
              14.2659324
            ],
            [
              121.3607405,
              14.2658739
            ],
            [
              121.3605957,
              14.2657803
            ],
            [
              121.3602778,
              14.2655282
            ],
            [
              121.3600016,
              14.2653371
            ],
            [
              121.3596891,
              14.2651707
            ],
            [
              121.3591191,
              14.2649654
            ],
            [
              121.3583735,
              14.2647249
            ],
            [
              121.3580355,
              14.2646417
            ],
            [
              121.357896,
              14.264643
            ],
            [
              121.357982,
              14.2642218
            ],
            [
              121.3585375,
              14.262768
            ],
            [
              121.3585681,
              14.2627143
            ],
            [
              121.3586999,
              14.262395
            ],
            [
              121.3597387,
              14.2599067
            ],
            [
              121.3600832,
              14.2590175
            ],
            [
              121.3599605,
              14.258996
            ],
            [
              121.3597964,
              14.2588346
            ],
            [
              121.359785,
              14.2586203
            ],
            [
              121.359985,
              14.2581348
            ],
            [
              121.3597753,
              14.2580592
            ],
            [
              121.3598737,
              14.2577542
            ],
            [
              121.3596832,
              14.2576636
            ],
            [
              121.3597617,
              14.2575007
            ],
            [
              121.3594887,
              14.2573196
            ],
            [
              121.3595725,
              14.2570544
            ],
            [
              121.3590204,
              14.2568585
            ],
            [
              121.3589073,
              14.2570628
            ],
            [
              121.3587785,
              14.25699
            ],
            [
              121.3583462,
              14.2568014
            ],
            [
              121.3577164,
              14.256522
            ],
            [
              121.3577876,
              14.2563854
            ],
            [
              121.3574746,
              14.2562672
            ],
            [
              121.3573656,
              14.2563668
            ],
            [
              121.3571336,
              14.2563462
            ],
            [
              121.3570326,
              14.2566018
            ],
            [
              121.3568477,
              14.2566735
            ],
            [
              121.356791,
              14.2571752
            ],
            [
              121.3563001,
              14.2569951
            ],
            [
              121.3563227,
              14.25691
            ],
            [
              121.356165,
              14.2568431
            ]
          ]
        ]
      }
    },
    {
      "type": "Feature",
      "properties": {
        "name": "Masico"
      },
      "geometry": {
        "type": "Polygon",
        "coordinates": [
          [
            [
              121.3751772,
              14.2078685
            ],
            [
              121.3758885,
              14.206833
            ],
            [
              121.3767179,
              14.2071529
            ],
            [
              121.3778059,
              14.2055707
            ],
            [
              121.3790745,
              14.2033345
            ],
            [
              121.3803572,
              14.2009161
            ],
            [
              121.3811929,
              14.1987594
            ],
            [
              121.3832471,
              14.1996393
            ],
            [
              121.3853861,
              14.2003179
            ],
            [
              121.3846301,
              14.2029084
            ],
            [
              121.3843856,
              14.2034586
            ],
            [
              121.3843337,
              14.2035753
            ],
            [
              121.3837963,
              14.2053949
            ],
            [
              121.3834637,
              14.2064557
            ],
            [
              121.3837641,
              14.2076622
            ],
            [
              121.3878625,
              14.2091183
            ],
            [
              121.3868554,
              14.2115013
            ],
            [
              121.3851762,
              14.2148575
            ],
            [
              121.3829097,
              14.2140482
            ],
            [
              121.3814471,
              14.213832
            ],
            [
              121.3801268,
              14.2133312
            ],
            [
              121.3802075,
              14.2131586
            ],
            [
              121.3797902,
              14.2128697
            ],
            [
              121.3798073,
              14.2127458
            ],
            [
              121.3785725,
              14.2120359
            ],
            [
              121.3787684,
              14.2117264
            ],
            [
              121.3783383,
              14.2115448
            ],
            [
              121.378449,
              14.2111238
            ],
            [
              121.3779456,
              14.2109025
            ],
            [
              121.377681,
              14.2106344
            ],
            [
              121.3779877,
              14.2101452
            ],
            [
              121.3784186,
              14.2095657
            ],
            [
              121.37732,
              14.2091818
            ],
            [
              121.3774792,
              14.2087905
            ],
            [
              121.3770289,
              14.2085873
            ],
            [
              121.3771337,
              14.208369
            ],
            [
              121.3769124,
              14.2082599
            ],
            [
              121.3769512,
              14.2081432
            ],
            [
              121.3764233,
              14.2079024
            ],
            [
              121.3763806,
              14.2079814
            ],
            [
              121.376171,
              14.2079739
            ],
            [
              121.3760196,
              14.2086023
            ],
            [
              121.3754101,
              14.2083389
            ],
            [
              121.3755305,
              14.2079814
            ],
            [
              121.3751772,
              14.2078685
            ]
          ]
        ]
      }
    },
    {
      "type": "Feature",
      "properties": {
        "name": "Mojon"
      },
      "geometry": {
        "type": "Polygon",
        "coordinates": [
          [
            [
              121.3710537,
              14.2298636
            ],
            [
              121.3711417,
              14.2298252
            ],
            [
              121.3712945,
              14.2292443
            ],
            [
              121.3711698,
              14.2291078
            ],
            [
              121.371564,
              14.2288349
            ],
            [
              121.3720466,
              14.2286907
            ],
            [
              121.3722276,
              14.2284723
            ],
            [
              121.3723402,
              14.2281449
            ],
            [
              121.3725333,
              14.2278447
            ],
            [
              121.3726499,
              14.2275328
            ],
            [
              121.3726298,
              14.2273651
            ],
            [
              121.3724569,
              14.2273223
            ],
            [
              121.3723845,
              14.2270571
            ],
            [
              121.3725132,
              14.2269402
            ],
            [
              121.3725051,
              14.2268661
            ],
            [
              121.3723523,
              14.2268505
            ],
            [
              121.3722236,
              14.2265152
            ],
            [
              121.3723446,
              14.226566
            ],
            [
              121.3730195,
              14.2255185
            ],
            [
              121.3735186,
              14.2249012
            ],
            [
              121.3735186,
              14.2248069
            ],
            [
              121.3737183,
              14.2247969
            ],
            [
              121.3737183,
              14.2246976
            ],
            [
              121.373831,
              14.2247324
            ],
            [
              121.3739693,
              14.2245685
            ],
            [
              121.3739949,
              14.224504
            ],
            [
              121.3741947,
              14.224365
            ],
            [
              121.3741896,
              14.2242458
            ],
            [
              121.3741281,
              14.2241465
            ],
            [
              121.3741281,
              14.2240819
            ],
            [
              121.3743893,
              14.2240968
            ],
            [
              121.3744508,
              14.2240174
            ],
            [
              121.3743586,
              14.2238833
            ],
            [
              121.3744474,
              14.2236528
            ],
            [
              121.3743415,
              14.2233477
            ],
            [
              121.3743532,
              14.223034
            ],
            [
              121.3744797,
              14.2227403
            ],
            [
              121.3744154,
              14.2226951
            ],
            [
              121.3744747,
              14.2223789
            ],
            [
              121.3744154,
              14.2220627
            ],
            [
              121.3742745,
              14.2219837
            ],
            [
              121.3742597,
              14.2216603
            ],
            [
              121.3744895,
              14.221301
            ],
            [
              121.3755155,
              14.2204935
            ],
            [
              121.3758252,
              14.220259
            ],
            [
              121.37628,
              14.219699
            ],
            [
              121.3763611,
              14.2195669
            ],
            [
              121.3763814,
              14.21939
            ],
            [
              121.3765166,
              14.2192786
            ],
            [
              121.3765166,
              14.2191541
            ],
            [
              121.3770653,
              14.2182435
            ],
            [
              121.3768,
              14.2181223
            ],
            [
              121.3772569,
              14.2174076
            ],
            [
              121.3781165,
              14.2178379
            ],
            [
              121.3791503,
              14.2154199
            ],
            [
              121.3801268,
              14.2133312
            ],
            [
              121.3814471,
              14.213832
            ],
            [
              121.3829097,
              14.2140482
            ],
            [
              121.3851762,
              14.2148575
            ],
            [
              121.385077,
              14.2150557
            ],
            [
              121.3856699,
              14.215284
            ],
            [
              121.3854407,
              14.2155184
            ],
            [
              121.3850646,
              14.2158763
            ],
            [
              121.384828,
              14.2161423
            ],
            [
              121.384608,
              14.2168176
            ],
            [
              121.3845811,
              14.2169516
            ],
            [
              121.3845546,
              14.2170635
            ],
            [
              121.3844204,
              14.217613
            ],
            [
              121.3843614,
              14.2177872
            ],
            [
              121.3840589,
              14.2182731
            ],
            [
              121.3836157,
              14.2191341
            ],
            [
              121.3832912,
              14.2196436
            ],
            [
              121.3831075,
              14.2199348
            ],
            [
              121.3828801,
              14.2201012
            ],
            [
              121.3826254,
              14.220225
            ],
            [
              121.3817461,
              14.2206523
            ],
            [
              121.3791983,
              14.2217955
            ],
            [
              121.3783812,
              14.2221967
            ],
            [
              121.3778127,
              14.2230576
            ],
            [
              121.376878,
              14.2244627
            ],
            [
              121.3767501,
              14.2248133
            ],
            [
              121.3763429,
              14.2264602
            ],
            [
              121.3762071,
              14.2268788
            ],
            [
              121.3758017,
              14.2273917
            ],
            [
              121.3753304,
              14.2279805
            ],
            [
              121.3749535,
              14.2283687
            ],
            [
              121.3741488,
              14.2293626
            ],
            [
              121.3735778,
              14.2301815
            ],
            [
              121.3733946,
              14.2307647
            ],
            [
              121.3710537,
              14.2298636
            ]
          ]
        ]
      }
    },
    {
      "type": "Feature",
      "properties": {
        "name": "Pansol"
      },
      "geometry": {
        "type": "Polygon",
        "coordinates": [
          [
            [
              121.3658039,
              14.216601
            ],
            [
              121.3659703,
              14.2164536
            ],
            [
              121.3662215,
              14.2163713
            ],
            [
              121.3663029,
              14.2163365
            ],
            [
              121.3660823,
              14.21584
            ],
            [
              121.3661444,
              14.2157083
            ],
            [
              121.3669783,
              14.2159952
            ],
            [
              121.367043,
              14.2158669
            ],
            [
              121.367149,
              14.2158897
            ],
            [
              121.3672549,
              14.215633
            ],
            [
              121.3672343,
              14.2154676
            ],
            [
              121.3673431,
              14.2151397
            ],
            [
              121.3674843,
              14.2152566
            ],
            [
              121.3676108,
              14.2150284
            ],
            [
              121.3678844,
              14.2151511
            ],
            [
              121.3680523,
              14.2149445
            ],
            [
              121.368247,
              14.2145191
            ],
            [
              121.3677055,
              14.2142995
            ],
            [
              121.3679178,
              14.2136476
            ],
            [
              121.3682186,
              14.21373
            ],
            [
              121.368385,
              14.2134521
            ],
            [
              121.3686787,
              14.2134932
            ],
            [
              121.3690751,
              14.2136511
            ],
            [
              121.3694291,
              14.2132325
            ],
            [
              121.3694397,
              14.2130507
            ],
            [
              121.3698927,
              14.2125051
            ],
            [
              121.3700732,
              14.2125669
            ],
            [
              121.3702997,
              14.2121037
            ],
            [
              121.3707843,
              14.2112571
            ],
            [
              121.3709277,
              14.2108152
            ],
            [
              121.370856,
              14.2107705
            ],
            [
              121.3710455,
              14.2102988
            ],
            [
              121.3707689,
              14.2101796
            ],
            [
              121.3712059,
              14.2092108
            ],
            [
              121.3712837,
              14.2092308
            ],
            [
              121.3714195,
              14.2089899
            ],
            [
              121.3717456,
              14.2091517
            ],
            [
              121.3718116,
              14.2090577
            ],
            [
              121.3719436,
              14.2091141
            ],
            [
              121.3720484,
              14.2089184
            ],
            [
              121.3721882,
              14.2089184
            ],
            [
              121.3726773,
              14.2091254
            ],
            [
              121.373147,
              14.2082712
            ],
            [
              121.3735352,
              14.2084179
            ],
            [
              121.3737991,
              14.2078121
            ],
            [
              121.37456,
              14.2080604
            ],
            [
              121.3749326,
              14.2082185
            ],
            [
              121.3751772,
              14.2078685
            ],
            [
              121.3755305,
              14.2079814
            ],
            [
              121.3754101,
              14.2083389
            ],
            [
              121.3760196,
              14.2086023
            ],
            [
              121.376171,
              14.2079739
            ],
            [
              121.3763806,
              14.2079814
            ],
            [
              121.3764233,
              14.2079024
            ],
            [
              121.3769512,
              14.2081432
            ],
            [
              121.3769124,
              14.2082599
            ],
            [
              121.3771337,
              14.208369
            ],
            [
              121.3770289,
              14.2085873
            ],
            [
              121.3774792,
              14.2087905
            ],
            [
              121.37732,
              14.2091818
            ],
            [
              121.3784186,
              14.2095657
            ],
            [
              121.3779877,
              14.2101452
            ],
            [
              121.377681,
              14.2106344
            ],
            [
              121.3779456,
              14.2109025
            ],
            [
              121.378449,
              14.2111238
            ],
            [
              121.3783383,
              14.2115448
            ],
            [
              121.3787684,
              14.2117264
            ],
            [
              121.3785725,
              14.2120359
            ],
            [
              121.3798073,
              14.2127458
            ],
            [
              121.3797902,
              14.2128697
            ],
            [
              121.3802075,
              14.2131586
            ],
            [
              121.3801268,
              14.2133312
            ],
            [
              121.3791503,
              14.2154199
            ],
            [
              121.3781165,
              14.2178379
            ],
            [
              121.3772569,
              14.2174076
            ],
            [
              121.3768,
              14.2181223
            ],
            [
              121.3770653,
              14.2182435
            ],
            [
              121.3765166,
              14.2191541
            ],
            [
              121.3765166,
              14.2192786
            ],
            [
              121.3763814,
              14.21939
            ],
            [
              121.3763611,
              14.2195669
            ],
            [
              121.37628,
              14.219699
            ],
            [
              121.3758252,
              14.220259
            ],
            [
              121.3755155,
              14.2204935
            ],
            [
              121.3744895,
              14.221301
            ],
            [
              121.3742597,
              14.2216603
            ],
            [
              121.3742745,
              14.2219837
            ],
            [
              121.3744154,
              14.2220627
            ],
            [
              121.3744747,
              14.2223789
            ],
            [
              121.3744154,
              14.2226951
            ],
            [
              121.3744797,
              14.2227403
            ],
            [
              121.3743532,
              14.223034
            ],
            [
              121.3743415,
              14.2233477
            ],
            [
              121.3744474,
              14.2236528
            ],
            [
              121.3743586,
              14.2238833
            ],
            [
              121.3744508,
              14.2240174
            ],
            [
              121.3743893,
              14.2240968
            ],
            [
              121.3741281,
              14.2240819
            ],
            [
              121.3741281,
              14.2241465
            ],
            [
              121.3741896,
              14.2242458
            ],
            [
              121.3741947,
              14.224365
            ],
            [
              121.3739949,
              14.224504
            ],
            [
              121.3739693,
              14.2245685
            ],
            [
              121.373831,
              14.2247324
            ],
            [
              121.3737183,
              14.2246976
            ],
            [
              121.3737183,
              14.2247969
            ],
            [
              121.3735186,
              14.2248069
            ],
            [
              121.3735186,
              14.2249012
            ],
            [
              121.3730195,
              14.2255185
            ],
            [
              121.3723446,
              14.226566
            ],
            [
              121.3722236,
              14.2265152
            ],
            [
              121.372296,
              14.22641
            ],
            [
              121.3721391,
              14.2261293
            ],
            [
              121.3721635,
              14.225969
            ],
            [
              121.3720514,
              14.2258386
            ],
            [
              121.3719692,
              14.2257625
            ],
            [
              121.3717413,
              14.2252447
            ],
            [
              121.37176,
              14.2250889
            ],
            [
              121.3716815,
              14.225002
            ],
            [
              121.3714984,
              14.2246435
            ],
            [
              121.3714835,
              14.2245494
            ],
            [
              121.3713714,
              14.2244624
            ],
            [
              121.3712668,
              14.2242488
            ],
            [
              121.3710724,
              14.2241383
            ],
            [
              121.3710182,
              14.2239902
            ],
            [
              121.370826,
              14.2239042
            ],
            [
              121.3707173,
              14.2240107
            ],
            [
              121.3701344,
              14.2236413
            ],
            [
              121.3696974,
              14.2243132
            ],
            [
              121.3690841,
              14.2238923
            ],
            [
              121.36676,
              14.2225288
            ],
            [
              121.367963,
              14.2210368
            ],
            [
              121.3691279,
              14.218385
            ],
            [
              121.3658039,
              14.216601
            ]
          ]
        ]
      }
    },
    {
      "type": "Feature",
      "properties": {
        "name": "Pinagbayanan"
      },
      "geometry": {
        "type": "Polygon",
        "coordinates": [
          [
            [
              121.3424331,
              14.2453616
            ],
            [
              121.3424344,
              14.2452447
            ],
            [
              121.342472,
              14.2451446
            ],
            [
              121.3425337,
              14.2450796
            ],
            [
              121.342763,
              14.2449405
            ],
            [
              121.3430902,
              14.2451901
            ],
            [
              121.3434094,
              14.2453408
            ],
            [
              121.3438279,
              14.2454111
            ],
            [
              121.3443992,
              14.2454006
            ],
            [
              121.3456061,
              14.2452161
            ],
            [
              121.3463518,
              14.2451407
            ],
            [
              121.3470224,
              14.2451823
            ],
            [
              121.3474408,
              14.245398
            ],
            [
              121.3479547,
              14.2460393
            ],
            [
              121.3481522,
              14.2461275
            ],
            [
              121.3484198,
              14.2461364
            ],
            [
              121.3495019,
              14.2460671
            ],
            [
              121.3517013,
              14.2455056
            ],
            [
              121.3528492,
              14.2451234
            ],
            [
              121.3534892,
              14.2450367
            ],
            [
              121.3547751,
              14.2449519
            ],
            [
              121.3551264,
              14.245139
            ],
            [
              121.3554444,
              14.2451046
            ],
            [
              121.3555438,
              14.2450939
            ],
            [
              121.3563334,
              14.245386
            ],
            [
              121.3564799,
              14.2456685
            ],
            [
              121.3570539,
              14.2462274
            ],
            [
              121.3580812,
              14.2465914
            ],
            [
              121.3584651,
              14.2466092
            ],
            [
              121.3589234,
              14.2466304
            ],
            [
              121.3592616,
              14.2467391
            ],
            [
              121.359441,
              14.2467967
            ],
            [
              121.3604978,
              14.2464952
            ],
            [
              121.3608884,
              14.2462777
            ],
            [
              121.3610905,
              14.2464039
            ],
            [
              121.3615784,
              14.2466025
            ],
            [
              121.362194,
              14.2467364
            ],
            [
              121.3618335,
              14.2475077
            ],
            [
              121.3620128,
              14.2476371
            ],
            [
              121.3613701,
              14.2487533
            ],
            [
              121.3615699,
              14.2489163
            ],
            [
              121.3621882,
              14.2493707
            ],
            [
              121.362223,
              14.2494751
            ],
            [
              121.362635,
              14.2497143
            ],
            [
              121.3625835,
              14.2500242
            ],
            [
              121.3626274,
              14.2500438
            ],
            [
              121.3634418,
              14.2504069
            ],
            [
              121.3631933,
              14.2509275
            ],
            [
              121.3627928,
              14.2508191
            ],
            [
              121.3625093,
              14.250767
            ],
            [
              121.3621977,
              14.2507158
            ],
            [
              121.3618817,
              14.250692
            ],
            [
              121.3617315,
              14.2512219
            ],
            [
              121.3616405,
              14.2514378
            ],
            [
              121.3603914,
              14.2509365
            ],
            [
              121.3601579,
              14.2513873
            ],
            [
              121.3596525,
              14.252345
            ],
            [
              121.3594838,
              14.2522338
            ],
            [
              121.3591371,
              14.2521423
            ],
            [
              121.358865,
              14.2520651
            ],
            [
              121.3586577,
              14.2519993
            ],
            [
              121.35855,
              14.2519801
            ],
            [
              121.3580166,
              14.2519154
            ],
            [
              121.3576089,
              14.2518114
            ],
            [
              121.3571585,
              14.2516795
            ],
            [
              121.3570939,
              14.2516606
            ],
            [
              121.3570628,
              14.2516464
            ],
            [
              121.3564556,
              14.2513695
            ],
            [
              121.3562219,
              14.251232
            ],
            [
              121.3555995,
              14.2523013
            ],
            [
              121.3554196,
              14.2521962
            ],
            [
              121.3552017,
              14.2525606
            ],
            [
              121.3549387,
              14.2529749
            ],
            [
              121.3543977,
              14.2526898
            ],
            [
              121.3541749,
              14.2531012
            ],
            [
              121.3537837,
              14.2529245
            ],
            [
              121.3534864,
              14.2534377
            ],
            [
              121.3529485,
              14.253199
            ],
            [
              121.3522605,
              14.2542582
            ],
            [
              121.351851,
              14.2547823
            ],
            [
              121.3511262,
              14.2557592
            ],
            [
              121.3498124,
              14.2573179
            ],
            [
              121.3486791,
              14.2583701
            ],
            [
              121.3485754,
              14.2582793
            ],
            [
              121.3482213,
              14.2579622
            ],
            [
              121.3478592,
              14.2576424
            ],
            [
              121.3475937,
              14.2574007
            ],
            [
              121.347304,
              14.2570653
            ],
            [
              121.3472021,
              14.2568418
            ],
            [
              121.3471243,
              14.2565428
            ],
            [
              121.3470572,
              14.2561295
            ],
            [
              121.3468963,
              14.2554432
            ],
            [
              121.3467219,
              14.2549675
            ],
            [
              121.3465288,
              14.2546165
            ],
            [
              121.3462338,
              14.254172
            ],
            [
              121.3460594,
              14.253873
            ],
            [
              121.3459481,
              14.2536156
            ],
            [
              121.3458247,
              14.2532933
            ],
            [
              121.3457081,
              14.2529319
            ],
            [
              121.3455686,
              14.2524094
            ],
            [
              121.3453674,
              14.2515411
            ],
            [
              121.3452145,
              14.250847
            ],
            [
              121.3450764,
              14.2502062
            ],
            [
              121.3449959,
              14.249737
            ],
            [
              121.3449356,
              14.2493041
            ],
            [
              121.3449222,
              14.248944
            ],
            [
              121.3449343,
              14.2485892
            ],
            [
              121.344941,
              14.2480017
            ],
            [
              121.3448954,
              14.2476351
            ],
            [
              121.3447545,
              14.2471736
            ],
            [
              121.3446178,
              14.2468526
            ],
            [
              121.3443857,
              14.2463885
            ],
            [
              121.3441738,
              14.2461247
            ],
            [
              121.3439244,
              14.2459024
            ],
            [
              121.3437662,
              14.2457958
            ],
            [
              121.3435569,
              14.2456996
            ],
            [
              121.3433155,
              14.2456424
            ],
            [
              121.3430755,
              14.2456216
            ],
            [
              121.3427214,
              14.24558
            ],
            [
              121.3425471,
              14.245528
            ],
            [
              121.3424639,
              14.2454526
            ],
            [
              121.3424331,
              14.2453616
            ]
          ]
        ]
      }
    },
    {
      "type": "Feature",
      "properties": {
        "name": "San Antonio"
      },
      "geometry": {
        "type": "Polygon",
        "coordinates": [
          [
            [
              121.3472223,
              14.220891
            ],
            [
              121.3472441,
              14.2208459
            ],
            [
              121.3472606,
              14.2206429
            ],
            [
              121.3473961,
              14.2204956
            ],
            [
              121.3475439,
              14.2204041
            ],
            [
              121.3476753,
              14.2202369
            ],
            [
              121.3478724,
              14.2199981
            ],
            [
              121.3481064,
              14.2197991
            ],
            [
              121.3483241,
              14.2196319
            ],
            [
              121.3485711,
              14.2193308
            ],
            [
              121.3485732,
              14.219003
            ],
            [
              121.3484495,
              14.2186432
            ],
            [
              121.3482689,
              14.218533
            ],
            [
              121.3482748,
              14.218382
            ],
            [
              121.3483446,
              14.2182467
            ],
            [
              121.3484267,
              14.2180795
            ],
            [
              121.3486074,
              14.2179721
            ],
            [
              121.3488066,
              14.2180135
            ],
            [
              121.3490672,
              14.2180009
            ],
            [
              121.34929,
              14.2179567
            ],
            [
              121.3494,
              14.2178347
            ],
            [
              121.3496186,
              14.217776
            ],
            [
              121.349835,
              14.2178141
            ],
            [
              121.3500795,
              14.2177673
            ],
            [
              121.3502122,
              14.2177428
            ],
            [
              121.35033,
              14.2177256
            ],
            [
              121.3504323,
              14.2176493
            ],
            [
              121.3505335,
              14.2175525
            ],
            [
              121.3506367,
              14.2174777
            ],
            [
              121.3506735,
              14.2174114
            ],
            [
              121.3506418,
              14.2172876
            ],
            [
              121.3506563,
              14.2172083
            ],
            [
              121.3507478,
              14.2171289
            ],
            [
              121.3509355,
              14.2170309
            ],
            [
              121.3511859,
              14.2170636
            ],
            [
              121.351287,
              14.2170449
            ],
            [
              121.3513833,
              14.2168955
            ],
            [
              121.3514604,
              14.2166902
            ],
            [
              121.3516626,
              14.2165268
            ],
            [
              121.3520076,
              14.216133
            ],
            [
              121.3520825,
              14.2160406
            ],
            [
              121.3522902,
              14.216001
            ],
            [
              121.3524128,
              14.2159185
            ],
            [
              121.3525694,
              14.2158921
            ],
            [
              121.3527124,
              14.2158129
            ],
            [
              121.3527124,
              14.215661
            ],
            [
              121.3527158,
              14.2153013
            ],
            [
              121.352709,
              14.214968
            ],
            [
              121.3525864,
              14.2146445
            ],
            [
              121.3523362,
              14.2142447
            ],
            [
              121.3521249,
              14.2140644
            ],
            [
              121.3518291,
              14.2139415
            ],
            [
              121.3514741,
              14.213835
            ],
            [
              121.3513135,
              14.2137572
            ],
            [
              121.3511952,
              14.2136425
            ],
            [
              121.3511233,
              14.2134909
            ],
            [
              121.3511149,
              14.2133598
            ],
            [
              121.3511952,
              14.213241
            ],
            [
              121.3514508,
              14.2129133
            ],
            [
              121.3515227,
              14.212774
            ],
            [
              121.3515185,
              14.2126962
            ],
            [
              121.3514086,
              14.2126429
            ],
            [
              121.3512903,
              14.2126225
            ],
            [
              121.3511931,
              14.2125446
            ],
            [
              121.351155,
              14.2124627
            ],
            [
              121.3511297,
              14.2122702
            ],
            [
              121.3511128,
              14.212008
            ],
            [
              121.3511339,
              14.2117991
            ],
            [
              121.3512227,
              14.2116147
            ],
            [
              121.3513346,
              14.2115246
            ],
            [
              121.3515502,
              14.2113321
            ],
            [
              121.3516374,
              14.2113121
            ],
            [
              121.3517826,
              14.2112788
            ],
            [
              121.3520615,
              14.2112337
            ],
            [
              121.3521798,
              14.2111969
            ],
            [
              121.3522516,
              14.2110576
            ],
            [
              121.3522812,
              14.2109552
            ],
            [
              121.3523531,
              14.2108773
            ],
            [
              121.352501,
              14.2108528
            ],
            [
              121.3526362,
              14.2108528
            ],
            [
              121.3528306,
              14.2108528
            ],
            [
              121.3529703,
              14.2107735
            ],
            [
              121.3532288,
              14.2105859
            ],
            [
              121.3533398,
              14.2106152
            ],
            [
              121.3535883,
              14.2106954
            ],
            [
              121.3537843,
              14.2107072
            ],
            [
              121.3539545,
              14.2106589
            ],
            [
              121.3540896,
              14.2105676
            ],
            [
              121.3542179,
              14.2105356
            ],
            [
              121.354484,
              14.2105633
            ],
            [
              121.3547059,
              14.2106183
            ],
            [
              121.3548725,
              14.2105918
            ],
            [
              121.3550167,
              14.2104713
            ],
            [
              121.3550938,
              14.2103411
            ],
            [
              121.3550217,
              14.2101844
            ],
            [
              121.3550267,
              14.2101072
            ],
            [
              121.3550839,
              14.210047
            ],
            [
              121.3552583,
              14.2100524
            ],
            [
              121.3554169,
              14.2100788
            ],
            [
              121.3554689,
              14.2100502
            ],
            [
              121.3557444,
              14.2103015
            ],
            [
              121.3556954,
              14.2103901
            ],
            [
              121.3558091,
              14.2104679
            ],
            [
              121.3558224,
              14.2105781
            ],
            [
              121.355945,
              14.2106949
            ],
            [
              121.3558637,
              14.2108565
            ],
            [
              121.3559816,
              14.2109846
            ],
            [
              121.3561991,
              14.2110654
            ],
            [
              121.3561646,
              14.2111935
            ],
            [
              121.3562845,
              14.2112427
            ],
            [
              121.3563638,
              14.2114398
            ],
            [
              121.356437,
              14.2115363
            ],
            [
              121.3565733,
              14.2115753
            ],
            [
              121.3567744,
              14.2119285
            ],
            [
              121.3567195,
              14.2119797
            ],
            [
              121.3571828,
              14.212494
            ],
            [
              121.3573682,
              14.2126411
            ],
            [
              121.3579019,
              14.2132565
            ],
            [
              121.358385,
              14.2135941
            ],
            [
              121.358739,
              14.2138283
            ],
            [
              121.359312,
              14.2140625
            ],
            [
              121.3596201,
              14.2142695
            ],
            [
              121.3609882,
              14.214689
            ],
            [
              121.3609237,
              14.2149048
            ],
            [
              121.3621079,
              14.2153396
            ],
            [
              121.3630598,
              14.2160309
            ],
            [
              121.362863,
              14.2162561
            ],
            [
              121.3632957,
              14.2165636
            ],
            [
              121.364315,
              14.217157
            ],
            [
              121.3645044,
              14.2173268
            ],
            [
              121.3643027,
              14.217722
            ],
            [
              121.3638693,
              14.2181796
            ],
            [
              121.3638264,
              14.2183543
            ],
            [
              121.3636891,
              14.2183918
            ],
            [
              121.3634573,
              14.2182836
            ],
            [
              121.3633414,
              14.2184042
            ],
            [
              121.3632857,
              14.2183959
            ],
            [
              121.3632342,
              14.2184666
            ],
            [
              121.3632513,
              14.2185998
            ],
            [
              121.3632985,
              14.2186206
            ],
            [
              121.3632599,
              14.2187828
            ],
            [
              121.3633114,
              14.2188577
            ],
            [
              121.3632427,
              14.2189159
            ],
            [
              121.3631655,
              14.2189159
            ],
            [
              121.3631285,
              14.2189986
            ],
            [
              121.3630555,
              14.2189861
            ],
            [
              121.3630062,
              14.2189133
            ],
            [
              121.3629439,
              14.2189133
            ],
            [
              121.3628774,
              14.2190111
            ],
            [
              121.3628581,
              14.2191109
            ],
            [
              121.3627572,
              14.219138
            ],
            [
              121.3625019,
              14.2193044
            ],
            [
              121.3622852,
              14.2193522
            ],
            [
              121.3622294,
              14.2194271
            ],
            [
              121.3621779,
              14.219425
            ],
            [
              121.3621757,
              14.2196455
            ],
            [
              121.3621071,
              14.2197204
            ],
            [
              121.3619955,
              14.2197141
            ],
            [
              121.3619526,
              14.2197557
            ],
            [
              121.3618753,
              14.2198057
            ],
            [
              121.3617659,
              14.2196829
            ],
            [
              121.3616693,
              14.2197953
            ],
            [
              121.3615921,
              14.2198181
            ],
            [
              121.3615878,
              14.2199159
            ],
            [
              121.3616135,
              14.2200969
            ],
            [
              121.361723,
              14.2200969
            ],
            [
              121.3617509,
              14.2201613
            ],
            [
              121.3616736,
              14.2202009
            ],
            [
              121.3615599,
              14.2203797
            ],
            [
              121.3614033,
              14.2205836
            ],
            [
              121.3613033,
              14.2205696
            ],
            [
              121.3612775,
              14.2206694
            ],
            [
              121.3613056,
              14.2209101
            ],
            [
              121.3614316,
              14.2209259
            ],
            [
              121.3614885,
              14.2210834
            ],
            [
              121.3615657,
              14.2213277
            ],
            [
              121.3616917,
              14.2213947
            ],
            [
              121.3620087,
              14.2213789
            ],
            [
              121.3621225,
              14.2214262
            ],
            [
              121.3619762,
              14.2218713
            ],
            [
              121.3618543,
              14.2220801
            ],
            [
              121.3619802,
              14.2222535
            ],
            [
              121.3619437,
              14.2223165
            ],
            [
              121.3617974,
              14.2222811
            ],
            [
              121.3617395,
              14.2223642
            ],
            [
              121.3615747,
              14.2223888
            ],
            [
              121.3614986,
              14.2224256
            ],
            [
              121.3614902,
              14.2224953
            ],
            [
              121.3615409,
              14.2225895
            ],
            [
              121.361524,
              14.2226468
            ],
            [
              121.36145,
              14.2226755
            ],
            [
              121.3613993,
              14.2227738
            ],
            [
              121.3612979,
              14.2228844
            ],
            [
              121.3611627,
              14.2229663
            ],
            [
              121.3610697,
              14.2230032
            ],
            [
              121.360981,
              14.2229581
            ],
            [
              121.3608373,
              14.2229254
            ],
            [
              121.360751,
              14.2229515
            ],
            [
              121.3606894,
              14.2229909
            ],
            [
              121.3606597,
              14.2230365
            ],
            [
              121.3605593,
              14.2231905
            ],
            [
              121.3605372,
              14.2232244
            ],
            [
              121.3603048,
              14.223376
            ],
            [
              121.3600893,
              14.223503
            ],
            [
              121.3599372,
              14.2235071
            ],
            [
              121.359766,
              14.2236013
            ],
            [
              121.3596562,
              14.2236136
            ],
            [
              121.3595463,
              14.2235972
            ],
            [
              121.359504,
              14.2236258
            ],
            [
              121.3595209,
              14.2236996
            ],
            [
              121.3595801,
              14.2237487
            ],
            [
              121.3595885,
              14.2238102
            ],
            [
              121.3595252,
              14.2238389
            ],
            [
              121.3593857,
              14.2238552
            ],
            [
              121.359297,
              14.2238634
            ],
            [
              121.3592547,
              14.2239249
            ],
            [
              121.3592505,
              14.2239986
            ],
            [
              121.3593012,
              14.2240764
            ],
            [
              121.3592801,
              14.2241911
            ],
            [
              121.3591533,
              14.2243222
            ],
            [
              121.3590223,
              14.2243755
            ],
            [
              121.3589335,
              14.2243878
            ],
            [
              121.3589145,
              14.2244328
            ],
            [
              121.3589568,
              14.2244902
            ],
            [
              121.3590328,
              14.2245557
            ],
            [
              121.3590117,
              14.2246376
            ],
            [
              121.3589018,
              14.224695
            ],
            [
              121.3585384,
              14.2248015
            ],
            [
              121.3580207,
              14.2250063
            ],
            [
              121.3578744,
              14.2250873
            ],
            [
              121.3578344,
              14.2252086
            ],
            [
              121.3579696,
              14.2254367
            ],
            [
              121.3580372,
              14.2255649
            ],
            [
              121.3579999,
              14.2257677
            ],
            [
              121.3580858,
              14.2259922
            ],
            [
              121.3579401,
              14.2261407
            ],
            [
              121.3577346,
              14.2262493
            ],
            [
              121.3576935,
              14.2264702
            ],
            [
              121.3578093,
              14.2266151
            ],
            [
              121.3579139,
              14.2267817
            ],
            [
              121.3578728,
              14.22697
            ],
            [
              121.3576907,
              14.2269305
            ],
            [
              121.3574905,
              14.2273016
            ],
            [
              121.3573124,
              14.2275387
            ],
            [
              121.3570163,
              14.2277634
            ],
            [
              121.3568425,
              14.227701
            ],
            [
              121.3563018,
              14.2272995
            ],
            [
              121.3561924,
              14.227001
            ],
            [
              121.3559705,
              14.2269178
            ],
            [
              121.3556893,
              14.2270039
            ],
            [
              121.3554052,
              14.2270211
            ],
            [
              121.3552513,
              14.2270326
            ],
            [
              121.3550916,
              14.2271783
            ],
            [
              121.3544834,
              14.2267778
            ],
            [
              121.3537799,
              14.2264066
            ],
            [
              121.3528937,
              14.2259928
            ],
            [
              121.3528642,
              14.2259564
            ],
            [
              121.3528454,
              14.2258966
            ],
            [
              121.3528239,
              14.2258582
            ],
            [
              121.3527863,
              14.2258318
            ],
            [
              121.3528513,
              14.2256528
            ],
            [
              121.3527654,
              14.2255265
            ],
            [
              121.3528305,
              14.2252684
            ],
            [
              121.3528365,
              14.2251335
            ],
            [
              121.3528838,
              14.2249184
            ],
            [
              121.3529637,
              14.2248237
            ],
            [
              121.3530022,
              14.2246918
            ],
            [
              121.3530022,
              14.2245713
            ],
            [
              121.3530821,
              14.2243963
            ],
            [
              121.3532478,
              14.224141
            ],
            [
              121.3533839,
              14.2239115
            ],
            [
              121.3530021,
              14.2238748
            ],
            [
              121.3504959,
              14.2223503
            ],
            [
              121.3497279,
              14.2220875
            ],
            [
              121.3496929,
              14.2222422
            ],
            [
              121.349476,
              14.2221799
            ],
            [
              121.3494834,
              14.2221041
            ],
            [
              121.3493807,
              14.2220756
            ],
            [
              121.3494345,
              14.2219097
            ],
            [
              121.349201,
              14.2218065
            ],
            [
              121.348669,
              14.2215826
            ],
            [
              121.3485394,
              14.2213384
            ],
            [
              121.3479476,
              14.2210516
            ],
            [
              121.3478523,
              14.221227
            ],
            [
              121.3477006,
              14.2211701
            ],
            [
              121.3477544,
              14.2209591
            ],
            [
              121.3474806,
              14.2208667
            ],
            [
              121.347302,
              14.2209283
            ],
            [
              121.3472223,
              14.220891
            ]
          ]
        ]
      }
    },
    {
      "type": "Feature",
      "properties": {
        "name": "San Miguel"
      },
      "geometry": {
        "type": "Polygon",
        "coordinates": [
          [
            [
              121.3624038,
              14.2036452
            ],
            [
              121.3636233,
              14.2012069
            ],
            [
              121.364946,
              14.1982788
            ],
            [
              121.365538,
              14.1976441
            ],
            [
              121.3656524,
              14.1976791
            ],
            [
              121.3657731,
              14.1974983
            ],
            [
              121.3661239,
              14.1972539
            ],
            [
              121.3663981,
              14.1971369
            ],
            [
              121.3663432,
              14.1968499
            ],
            [
              121.3663213,
              14.1964672
            ],
            [
              121.3664858,
              14.1964885
            ],
            [
              121.3667928,
              14.1963716
            ],
            [
              121.3668696,
              14.1962121
            ],
            [
              121.3671327,
              14.1963609
            ],
            [
              121.3672643,
              14.1960208
            ],
            [
              121.3675823,
              14.1960845
            ],
            [
              121.3677577,
              14.1960314
            ],
            [
              121.3675932,
              14.1958613
            ],
            [
              121.3677248,
              14.1957656
            ],
            [
              121.367999,
              14.1958932
            ],
            [
              121.3680471,
              14.1956831
            ],
            [
              121.368969,
              14.1958977
            ],
            [
              121.3690647,
              14.1954457
            ],
            [
              121.3698425,
              14.1956614
            ],
            [
              121.3700058,
              14.1953491
            ],
            [
              121.3712905,
              14.1957203
            ],
            [
              121.3718248,
              14.1946802
            ],
            [
              121.3734148,
              14.1955539
            ],
            [
              121.3757597,
              14.1964815
            ],
            [
              121.376221,
              14.1966141
            ],
            [
              121.3765375,
              14.1966609
            ],
            [
              121.3767199,
              14.1966375
            ],
            [
              121.3786075,
              14.1976519
            ],
            [
              121.3811929,
              14.1987594
            ],
            [
              121.3803572,
              14.2009161
            ],
            [
              121.3790745,
              14.2033345
            ],
            [
              121.3778059,
              14.2055707
            ],
            [
              121.3767179,
              14.2071529
            ],
            [
              121.3758885,
              14.206833
            ],
            [
              121.3751772,
              14.2078685
            ],
            [
              121.3749326,
              14.2082185
            ],
            [
              121.37456,
              14.2080604
            ],
            [
              121.3737991,
              14.2078121
            ],
            [
              121.3729251,
              14.207376
            ],
            [
              121.3729447,
              14.2071863
            ],
            [
              121.3720643,
              14.206826
            ],
            [
              121.3721035,
              14.2067217
            ],
            [
              121.3718394,
              14.2065131
            ],
            [
              121.3722502,
              14.2058019
            ],
            [
              121.3698455,
              14.2045152
            ],
            [
              121.3700159,
              14.204121
            ],
            [
              121.3687596,
              14.2035703
            ],
            [
              121.3673039,
              14.2044992
            ],
            [
              121.3668841,
              14.2047528
            ],
            [
              121.3664214,
              14.2050232
            ],
            [
              121.3661572,
              14.2051701
            ],
            [
              121.3660164,
              14.2052208
            ],
            [
              121.365822,
              14.2052455
            ],
            [
              121.3655148,
              14.2052156
            ],
            [
              121.3653144,
              14.205192
            ],
            [
              121.365549,
              14.2048244
            ],
            [
              121.3647003,
              14.2045804
            ],
            [
              121.3632354,
              14.2039955
            ],
            [
              121.3624038,
              14.2036452
            ]
          ]
        ]
      }
    },
    {
      "type": "Feature",
      "properties": {
        "name": "Tubuan"
      },
      "geometry": {
        "type": "Polygon",
        "coordinates": [
          [
            [
              121.3372511,
              14.2397176
            ],
            [
              121.33766,
              14.2388082
            ],
            [
              121.3379093,
              14.2385028
            ],
            [
              121.3381232,
              14.238439
            ],
            [
              121.3386264,
              14.2384162
            ],
            [
              121.3389494,
              14.2383601
            ],
            [
              121.3391154,
              14.2382247
            ],
            [
              121.3394258,
              14.238006
            ],
            [
              121.3395057,
              14.2379239
            ],
            [
              121.3396237,
              14.2376296
            ],
            [
              121.3396462,
              14.2373613
            ],
            [
              121.3397427,
              14.2372426
            ],
            [
              121.3398554,
              14.2372334
            ],
            [
              121.3399938,
              14.2372334
            ],
            [
              121.3401065,
              14.2372583
            ],
            [
              121.3402835,
              14.2372365
            ],
            [
              121.3403608,
              14.2372146
            ],
            [
              121.3403994,
              14.2371554
            ],
            [
              121.3403382,
              14.2370025
            ],
            [
              121.3402513,
              14.2368964
            ],
            [
              121.3401483,
              14.2367591
            ],
            [
              121.3401194,
              14.2366437
            ],
            [
              121.3401773,
              14.2365282
            ],
            [
              121.340232,
              14.2365064
            ],
            [
              121.340393,
              14.2365189
            ],
            [
              121.3404702,
              14.236547
            ],
            [
              121.3405732,
              14.2366468
            ],
            [
              121.3406859,
              14.2366437
            ],
            [
              121.3408467,
              14.236551
            ],
            [
              121.3409015,
              14.2365095
            ],
            [
              121.3410239,
              14.2364253
            ],
            [
              121.3410174,
              14.2363192
            ],
            [
              121.3409563,
              14.2361944
            ],
            [
              121.3408661,
              14.2360665
            ],
            [
              121.340879,
              14.2359448
            ],
            [
              121.3409402,
              14.2358075
            ],
            [
              121.3410561,
              14.2356297
            ],
            [
              121.3410496,
              14.2355018
            ],
            [
              121.3410335,
              14.2354425
            ],
            [
              121.3409788,
              14.2354082
            ],
            [
              121.3408694,
              14.2354175
            ],
            [
              121.3407664,
              14.2354175
            ],
            [
              121.3406923,
              14.2353582
            ],
            [
              121.3406473,
              14.2352334
            ],
            [
              121.3406215,
              14.235093
            ],
            [
              121.3405185,
              14.2350306
            ],
            [
              121.3403543,
              14.235015
            ],
            [
              121.3402771,
              14.2349526
            ],
            [
              121.340232,
              14.2348528
            ],
            [
              121.3402127,
              14.234675
            ],
            [
              121.3401918,
              14.2344534
            ],
            [
              121.3400856,
              14.2344035
            ],
            [
              121.3400341,
              14.2343255
            ],
            [
              121.3400598,
              14.2342257
            ],
            [
              121.3401371,
              14.2341446
            ],
            [
              121.3403141,
              14.2340447
            ],
            [
              121.3404235,
              14.2339511
            ],
            [
              121.3404718,
              14.2338388
            ],
            [
              121.3406006,
              14.2337046
            ],
            [
              121.3407197,
              14.2336235
            ],
            [
              121.3407245,
              14.233558
            ],
            [
              121.3407084,
              14.2334737
            ],
            [
              121.3407213,
              14.2333521
            ],
            [
              121.3407503,
              14.2333209
            ],
            [
              121.3408114,
              14.2332772
            ],
            [
              121.3408565,
              14.2333271
            ],
            [
              121.3409112,
              14.2334269
            ],
            [
              121.3409756,
              14.2334363
            ],
            [
              121.3410528,
              14.2334238
            ],
            [
              121.3411558,
              14.2334269
            ],
            [
              121.3411912,
              14.2333957
            ],
            [
              121.3411945,
              14.2332897
            ],
            [
              121.3411462,
              14.2331649
            ],
            [
              121.3410786,
              14.233065
            ],
            [
              121.3410882,
              14.2329745
            ],
            [
              121.3411832,
              14.232987
            ],
            [
              121.3412476,
              14.2329901
            ],
            [
              121.3413409,
              14.2329714
            ],
            [
              121.3413216,
              14.2328778
            ],
            [
              121.3412444,
              14.2328279
            ],
            [
              121.3411993,
              14.2327749
            ],
            [
              121.3412089,
              14.2327125
            ],
            [
              121.3412701,
              14.232675
            ],
            [
              121.3413248,
              14.2326251
            ],
            [
              121.3413345,
              14.2325689
            ],
            [
              121.3413474,
              14.2324285
            ],
            [
              121.3414182,
              14.2322569
            ],
            [
              121.3415405,
              14.2321352
            ],
            [
              121.341666,
              14.2320822
            ],
            [
              121.3417079,
              14.2319886
            ],
            [
              121.3416306,
              14.2318981
            ],
            [
              121.3415469,
              14.2317983
            ],
            [
              121.3415534,
              14.2317359
            ],
            [
              121.3416692,
              14.2317265
            ],
            [
              121.3417658,
              14.2317047
            ],
            [
              121.3418077,
              14.2316423
            ],
            [
              121.3417658,
              14.2315643
            ],
            [
              121.3416982,
              14.2315081
            ],
            [
              121.3416306,
              14.231452
            ],
            [
              121.3416371,
              14.2313864
            ],
            [
              121.3416821,
              14.2313303
            ],
            [
              121.3417529,
              14.2312772
            ],
            [
              121.3418109,
              14.2312336
            ],
            [
              121.3418817,
              14.2311212
            ],
            [
              121.3418913,
              14.231012
            ],
            [
              121.3419171,
              14.2308217
            ],
            [
              121.3420201,
              14.2307437
            ],
            [
              121.3421392,
              14.2307406
            ],
            [
              121.3423001,
              14.230725
            ],
            [
              121.3423709,
              14.2306751
            ],
            [
              121.3424224,
              14.2305627
            ],
            [
              121.3424064,
              14.2304847
            ],
            [
              121.3423581,
              14.2304036
            ],
            [
              121.3423516,
              14.230232
            ],
            [
              121.3423581,
              14.2301228
            ],
            [
              121.342445,
              14.2300011
            ],
            [
              121.3424224,
              14.2299138
            ],
            [
              121.3423774,
              14.2298919
            ],
            [
              121.3422229,
              14.2299481
            ],
            [
              121.3420523,
              14.2299106
            ],
            [
              121.3419782,
              14.2298264
            ],
            [
              121.3420072,
              14.2297359
            ],
            [
              121.3421617,
              14.2296142
            ],
            [
              121.3422776,
              14.2294707
            ],
            [
              121.3423034,
              14.2292991
            ],
            [
              121.3423227,
              14.2291057
            ],
            [
              121.3423903,
              14.2289247
            ],
            [
              121.3424257,
              14.2288405
            ],
            [
              121.3424224,
              14.2287812
            ],
            [
              121.342342,
              14.2287406
            ],
            [
              121.3422132,
              14.2286907
            ],
            [
              121.3421102,
              14.2286907
            ],
            [
              121.3420426,
              14.2286595
            ],
            [
              121.3420394,
              14.2285971
            ],
            [
              121.3421392,
              14.228466
            ],
            [
              121.3423113,
              14.228301
            ],
            [
              121.3423682,
              14.2282062
            ],
            [
              121.3423659,
              14.2280738
            ],
            [
              121.3423405,
              14.2278759
            ],
            [
              121.3423835,
              14.2277812
            ],
            [
              121.3424733,
              14.2277661
            ],
            [
              121.3425749,
              14.2277926
            ],
            [
              121.3427038,
              14.2278115
            ],
            [
              121.3427975,
              14.2277244
            ],
            [
              121.3428991,
              14.2274859
            ],
            [
              121.3428455,
              14.2273583
            ],
            [
              121.3427495,
              14.227149
            ],
            [
              121.3426716,
              14.2270617
            ],
            [
              121.3426716,
              14.2269106
            ],
            [
              121.3427315,
              14.2267885
            ],
            [
              121.3429115,
              14.2267245
            ],
            [
              121.3430975,
              14.2267594
            ],
            [
              121.3433374,
              14.2267361
            ],
            [
              121.3434514,
              14.226614
            ],
            [
              121.3434394,
              14.2264221
            ],
            [
              121.3433104,
              14.2261198
            ],
            [
              121.3433344,
              14.2259628
            ],
            [
              121.3434904,
              14.2258814
            ],
            [
              121.3437603,
              14.2257593
            ],
            [
              121.3438323,
              14.2256604
            ],
            [
              121.3438563,
              14.2254453
            ],
            [
              121.3438563,
              14.2252185
            ],
            [
              121.3439583,
              14.2250789
            ],
            [
              121.3441322,
              14.2249452
            ],
            [
              121.3443062,
              14.2247533
            ],
            [
              121.3443302,
              14.2246079
            ],
            [
              121.3442702,
              14.2243172
            ],
            [
              121.3442582,
              14.2240265
            ],
            [
              121.3443062,
              14.2238171
            ],
            [
              121.3444442,
              14.2237067
            ],
            [
              121.3445461,
              14.2235845
            ],
            [
              121.3446481,
              14.2232647
            ],
            [
              121.3449001,
              14.2231543
            ],
            [
              121.3454279,
              14.2229914
            ],
            [
              121.3456979,
              14.2228461
            ],
            [
              121.3458718,
              14.2225263
            ],
            [
              121.3459858,
              14.2223111
            ],
            [
              121.346234,
              14.2222032
            ],
            [
              121.3463982,
              14.2220599
            ],
            [
              121.3465666,
              14.2219524
            ],
            [
              121.3466159,
              14.2217614
            ],
            [
              121.3465953,
              14.2214947
            ],
            [
              121.3466898,
              14.2213673
            ],
            [
              121.3469033,
              14.2212678
            ],
            [
              121.3470881,
              14.2211683
            ],
            [
              121.3472223,
              14.220891
            ],
            [
              121.347302,
              14.2209283
            ],
            [
              121.3474806,
              14.2208667
            ],
            [
              121.3477544,
              14.2209591
            ],
            [
              121.3477006,
              14.2211701
            ],
            [
              121.3478523,
              14.221227
            ],
            [
              121.3479476,
              14.2210516
            ],
            [
              121.3485394,
              14.2213384
            ],
            [
              121.348669,
              14.2215826
            ],
            [
              121.349201,
              14.2218065
            ],
            [
              121.3494345,
              14.2219097
            ],
            [
              121.3493807,
              14.2220756
            ],
            [
              121.3494834,
              14.2221041
            ],
            [
              121.349476,
              14.2221799
            ],
            [
              121.3496929,
              14.2222422
            ],
            [
              121.3497279,
              14.2220875
            ],
            [
              121.3504959,
              14.2223503
            ],
            [
              121.3530021,
              14.2238748
            ],
            [
              121.3533839,
              14.2239115
            ],
            [
              121.3532478,
              14.224141
            ],
            [
              121.3530821,
              14.2243963
            ],
            [
              121.3530022,
              14.2245713
            ],
            [
              121.3530022,
              14.2246918
            ],
            [
              121.3529637,
              14.2248237
            ],
            [
              121.3528838,
              14.2249184
            ],
            [
              121.3528365,
              14.2251335
            ],
            [
              121.3528305,
              14.2252684
            ],
            [
              121.3527654,
              14.2255265
            ],
            [
              121.3528513,
              14.2256528
            ],
            [
              121.3527863,
              14.2258318
            ],
            [
              121.3528239,
              14.2258582
            ],
            [
              121.3528454,
              14.2258966
            ],
            [
              121.3528642,
              14.2259564
            ],
            [
              121.3528937,
              14.2259928
            ],
            [
              121.3537799,
              14.2264066
            ],
            [
              121.3544834,
              14.2267778
            ],
            [
              121.3550916,
              14.2271783
            ],
            [
              121.3550175,
              14.2273108
            ],
            [
              121.3550974,
              14.2273797
            ],
            [
              121.3549909,
              14.2275489
            ],
            [
              121.3549761,
              14.2276522
            ],
            [
              121.3547186,
              14.2277784
            ],
            [
              121.3545914,
              14.2279563
            ],
            [
              121.3544612,
              14.2278845
            ],
            [
              121.3543576,
              14.2279333
            ],
            [
              121.3543546,
              14.228203
            ],
            [
              121.3543813,
              14.2283665
            ],
            [
              121.3542333,
              14.228725
            ],
            [
              121.3542333,
              14.2289803
            ],
            [
              121.3542126,
              14.229184
            ],
            [
              121.3541001,
              14.229316
            ],
            [
              121.3539433,
              14.2293647
            ],
            [
              121.3538367,
              14.2294221
            ],
            [
              121.3537184,
              14.2294766
            ],
            [
              121.3536148,
              14.2295713
            ],
            [
              121.3535763,
              14.2297836
            ],
            [
              121.3535911,
              14.2299299
            ],
            [
              121.3536828,
              14.2301393
            ],
            [
              121.3536917,
              14.2303515
            ],
            [
              121.3536177,
              14.2305954
            ],
            [
              121.353523,
              14.2308535
            ],
            [
              121.3533514,
              14.2308851
            ],
            [
              121.3532626,
              14.2309482
            ],
            [
              121.3532745,
              14.2310142
            ],
            [
              121.3531945,
              14.2313383
            ],
            [
              121.3530762,
              14.2313182
            ],
            [
              121.3529193,
              14.2314645
            ],
            [
              121.3528039,
              14.2317198
            ],
            [
              121.3526293,
              14.2319579
            ],
            [
              121.3524843,
              14.2320354
            ],
            [
              121.3523511,
              14.2322591
            ],
            [
              121.3522712,
              14.2323653
            ],
            [
              121.3521884,
              14.2324857
            ],
            [
              121.351993,
              14.2325919
            ],
            [
              121.3518658,
              14.2325919
            ],
            [
              121.3517385,
              14.2326951
            ],
            [
              121.351629,
              14.2327267
            ],
            [
              121.3515162,
              14.232821
            ],
            [
              121.3514781,
              14.2328529
            ],
            [
              121.3516586,
              14.2329992
            ],
            [
              121.3516261,
              14.2331943
            ],
            [
              121.3518569,
              14.233223
            ],
            [
              121.351922,
              14.2333033
            ],
            [
              121.3518658,
              14.2334238
            ],
            [
              121.3516971,
              14.233527
            ],
            [
              121.3516468,
              14.2336475
            ],
            [
              121.351777,
              14.233702
            ],
            [
              121.3518628,
              14.2336963
            ],
            [
              121.3519842,
              14.2335758
            ],
            [
              121.352138,
              14.2336733
            ],
            [
              121.3521736,
              14.2338081
            ],
            [
              121.3521706,
              14.2339286
            ],
            [
              121.3521055,
              14.2339487
            ],
            [
              121.3520138,
              14.2340032
            ],
            [
              121.3520493,
              14.2340692
            ],
            [
              121.352215,
              14.2340405
            ],
            [
              121.3523097,
              14.234095
            ],
            [
              121.3522505,
              14.2342556
            ],
            [
              121.3520848,
              14.2343474
            ],
            [
              121.3521262,
              14.2344507
            ],
            [
              121.3523866,
              14.2344507
            ],
            [
              121.3524162,
              14.2345999
            ],
            [
              121.3523186,
              14.2347978
            ],
            [
              121.3523541,
              14.2350617
            ],
            [
              121.3525228,
              14.235294
            ],
            [
              121.3526767,
              14.2354489
            ],
            [
              121.3527871,
              14.2354103
            ],
            [
              121.3528572,
              14.2353858
            ],
            [
              121.3531117,
              14.2351965
            ],
            [
              121.3534076,
              14.2354317
            ],
            [
              121.3535053,
              14.235578
            ],
            [
              121.3534905,
              14.2357243
            ],
            [
              121.3534934,
              14.2358735
            ],
            [
              121.3536118,
              14.2359194
            ],
            [
              121.3540025,
              14.2359567
            ],
            [
              121.3541475,
              14.2360542
            ],
            [
              121.3542629,
              14.236232
            ],
            [
              121.3543872,
              14.236341
            ],
            [
              121.3545233,
              14.2363841
            ],
            [
              121.3546713,
              14.2363955
            ],
            [
              121.3547985,
              14.236516
            ],
            [
              121.3547127,
              14.2365935
            ],
            [
              121.3547453,
              14.2367254
            ],
            [
              121.3546358,
              14.2368918
            ],
            [
              121.3545647,
              14.2370237
            ],
            [
              121.3546269,
              14.2371356
            ],
            [
              121.3547719,
              14.2371672
            ],
            [
              121.3549228,
              14.2372418
            ],
            [
              121.3550915,
              14.2373823
            ],
            [
              121.3551389,
              14.2375114
            ],
            [
              121.3551655,
              14.237672
            ],
            [
              121.355275,
              14.2378097
            ],
            [
              121.3553253,
              14.2379302
            ],
            [
              121.3551448,
              14.238197
            ],
            [
              121.3549465,
              14.2383547
            ],
            [
              121.3548459,
              14.2383605
            ],
            [
              121.3547689,
              14.2382773
            ],
            [
              121.3546742,
              14.2382515
            ],
            [
              121.3545884,
              14.2382887
            ],
            [
              121.3544848,
              14.238283
            ],
            [
              121.3544049,
              14.2385096
            ],
            [
              121.3545115,
              14.238544
            ],
            [
              121.3545292,
              14.2385928
            ],
            [
              121.3544878,
              14.2387391
            ],
            [
              121.3545292,
              14.2388051
            ],
            [
              121.3544848,
              14.2388768
            ],
            [
              121.3543872,
              14.2389456
            ],
            [
              121.3543901,
              14.2390919
            ],
            [
              121.3542806,
              14.2392009
            ],
            [
              121.354251,
              14.2393415
            ],
            [
              121.3543221,
              14.239439
            ],
            [
              121.3544109,
              14.2394017
            ],
            [
              121.3544671,
              14.2394361
            ],
            [
              121.354547,
              14.2395337
            ],
            [
              121.3546772,
              14.2395824
            ],
            [
              121.3547216,
              14.2397
            ],
            [
              121.3545795,
              14.2397861
            ],
            [
              121.3545263,
              14.2397918
            ],
            [
              121.3545085,
              14.2400242
            ],
            [
              121.3544109,
              14.2401303
            ],
            [
              121.3545233,
              14.2402508
            ],
            [
              121.3547453,
              14.2404889
            ],
            [
              121.3548577,
              14.2406093
            ],
            [
              121.3548577,
              14.2408101
            ],
            [
              121.3549199,
              14.2409277
            ],
            [
              121.3549435,
              14.2411744
            ],
            [
              121.3551537,
              14.2414096
            ],
            [
              121.3552424,
              14.2417022
            ],
            [
              121.3553194,
              14.2417567
            ],
            [
              121.3552809,
              14.2419116
            ],
            [
              121.3552957,
              14.2420665
            ],
            [
              121.3551744,
              14.2422157
            ],
            [
              121.3551833,
              14.2423046
            ],
            [
              121.355272,
              14.2423562
            ],
            [
              121.3553963,
              14.2423706
            ],
            [
              121.3554733,
              14.2424337
            ],
            [
              121.3555532,
              14.2425713
            ],
            [
              121.3556538,
              14.2425713
            ],
            [
              121.3557603,
              14.2424623
            ],
            [
              121.3558965,
              14.2424796
            ],
            [
              121.3560208,
              14.2426201
            ],
            [
              121.3558905,
              14.242841
            ],
            [
              121.3556982,
              14.2431278
            ],
            [
              121.3555828,
              14.2434548
            ],
            [
              121.3554378,
              14.2442293
            ],
            [
              121.3554111,
              14.2446567
            ],
            [
              121.3554444,
              14.2451046
            ],
            [
              121.3551264,
              14.245139
            ],
            [
              121.3547751,
              14.2449519
            ],
            [
              121.3534892,
              14.2450367
            ],
            [
              121.3528492,
              14.2451234
            ],
            [
              121.3517013,
              14.2455056
            ],
            [
              121.3495019,
              14.2460671
            ],
            [
              121.3484198,
              14.2461364
            ],
            [
              121.3481522,
              14.2461275
            ],
            [
              121.3479547,
              14.2460393
            ],
            [
              121.3474408,
              14.245398
            ],
            [
              121.3470224,
              14.2451823
            ],
            [
              121.3463518,
              14.2451407
            ],
            [
              121.3456061,
              14.2452161
            ],
            [
              121.3443992,
              14.2454006
            ],
            [
              121.3438279,
              14.2454111
            ],
            [
              121.3434094,
              14.2453408
            ],
            [
              121.3430902,
              14.2451901
            ],
            [
              121.342763,
              14.2449405
            ],
            [
              121.3429548,
              14.2447975
            ],
            [
              121.3431573,
              14.2445687
            ],
            [
              121.3432378,
              14.2443711
            ],
            [
              121.3432646,
              14.244093
            ],
            [
              121.3432404,
              14.243807
            ],
            [
              121.3431492,
              14.2434248
            ],
            [
              121.3430098,
              14.2430505
            ],
            [
              121.3428435,
              14.2428191
            ],
            [
              121.3424733,
              14.2424603
            ],
            [
              121.3420737,
              14.2420886
            ],
            [
              121.3417304,
              14.2417844
            ],
            [
              121.3413683,
              14.2414594
            ],
            [
              121.3409552,
              14.2411422
            ],
            [
              121.3405099,
              14.2408589
            ],
            [
              121.340003,
              14.2405989
            ],
            [
              121.3393834,
              14.2403441
            ],
            [
              121.3386136,
              14.2401231
            ],
            [
              121.3377446,
              14.2398631
            ],
            [
              121.3372511,
              14.2397176
            ]
          ]
        ]
      }
    }
  ]
}